id,category,query,answer,expected_answer,faithfulness,faithfulness_notes,relevance,relevance_notes,context_recall,context_recall_notes,completeness,completeness_notes,config_label
gq01,SLA,SLA xử lý ticket P1 đã thay đổi như thế nào so với phiên bản trước?,ERROR: 403 Your API key was reported as leaked. Please use another API key.,"Phiên bản hiện tại (v2026.1, có hiệu lực từ 2026-01-15) đã cập nhật SLA P1 resolution từ 6 giờ xuống còn 4 giờ. Phiên bản trước (v2025.3) không thay đổi SLA này.",1,Evaluation error: 403 Your API key was reported as leaked. Please use another API key.,1,Evaluation error: 403 Your API key was reported as leaked. Please use another API key.,0,Retrieved: 0/1 expected sources. Missing: ['support/sla-p1-2026.pdf'],1,Evaluation error: 403 Your API key was reported as leaked. Please use another API key.,baseline_dense
gq02,Cross-Document,"Khi làm việc remote, tôi phải dùng VPN và được kết nối trên tối đa bao nhiêu thiết bị?",ERROR: 403 Your API key was reported as leaked. Please use another API key.,"Khi làm việc remote và truy cập hệ thống nội bộ, VPN là bắt buộc (theo HR Leave Policy). Phần mềm VPN là Cisco AnyConnect và mỗi tài khoản được kết nối VPN trên tối đa 2 thiết bị cùng lúc (theo IT Helpdesk FAQ).",1,Evaluation error: 403 Your API key was reported as leaked. Please use another API key.,1,Evaluation error: 403 Your API key was reported as leaked. Please use another API key.,0,"Retrieved: 0/2 expected sources. Missing: ['hr/leave-policy-2026.pdf', 'support/helpdesk-faq.md']",1,Evaluation error: 403 Your API key was reported as leaked. Please use another API key.,baseline_dense
gq03,Refund,Đơn hàng mua trong chương trình Flash Sale và đã kích hoạt sản phẩm có được hoàn tiền không?,ERROR: 403 Your API key was reported as leaked. Please use another API key.,Không được hoàn tiền. Đơn hàng rơi vào hai ngoại lệ cùng lúc: (1) đơn hàng áp dụng mã giảm giá chương trình Flash Sale và (2) sản phẩm đã được kích hoạt - cả hai đều thuộc danh sách ngoại lệ không được hoàn tiền theo Điều 3 của chính sách.,1,Evaluation error: 403 Your API key was reported as leaked. Please use another API key.,1,Evaluation error: 403 Your API key was reported as leaked. Please use another API key.,0,Retrieved: 0/1 expected sources. Missing: ['policy/refund-v4.pdf'],1,Evaluation error: 403 Your API key was reported as leaked. Please use another API key.,baseline_dense
gq04,Refund,"Nếu chọn nhận store credit thay vì hoàn tiền, tôi được bao nhiêu phần trăm so với số tiền gốc?",ERROR: 403 Your API key was reported as leaked. Please use another API key.,"Khách hàng có thể chọn nhận store credit (credit nội bộ) thay thế với giá trị 110% so với số tiền hoàn gốc. Đây là tùy chọn, không phải bắt buộc.",1,Evaluation error: 403 Your API key was reported as leaked. Please use another API key.,1,Evaluation error: 403 Your API key was reported as leaked. Please use another API key.,0,Retrieved: 0/1 expected sources. Missing: ['policy/refund-v4.pdf'],1,Evaluation error: 403 Your API key was reported as leaked. Please use another API key.,baseline_dense
gq05,Access Control,"Contractor từ bên ngoài công ty có thể được cấp quyền Admin Access không? Nếu có, cần bao nhiêu ngày và có yêu cầu đặc biệt gì?",ERROR: 403 Your API key was reported as leaked. Please use another API key.,"Có. Theo Access Control SOP, quy trình áp dụng cho tất cả nhân viên, contractor và third-party vendor. Admin Access (Level 4) cần phê duyệt từ IT Manager và CISO, thời gian xử lý 5 ngày làm việc, và có yêu cầu thêm: training bắt buộc về security policy.",1,"Evaluation error: 429 You exceeded your current quota, please check your plan and billing details. For more information on this error, head to: https://ai.google.dev/gemini-api/docs/rate-limits. To monitor your current usage, head to: https://ai.dev/rate-limit. 
* Quota exceeded for metric: generativelanguage.googleapis.com/generate_content_free_tier_requests, limit: 15, model: gemini-3.1-flash-lite
Please retry in 45.669640543s. [links {
  description: ""Learn more about Gemini API quotas""
  url: ""https://ai.google.dev/gemini-api/docs/rate-limits""
}
, violations {
  quota_metric: ""generativelanguage.googleapis.com/generate_content_free_tier_requests""
  quota_id: ""GenerateRequestsPerMinutePerProjectPerModel-FreeTier""
  quota_dimensions {
    key: ""model""
    value: ""gemini-3.1-flash-lite""
  }
  quota_dimensions {
    key: ""location""
    value: ""global""
  }
  quota_value: 15
}
, retry_delay {
  seconds: 45
}
]",1,"Evaluation error: 429 You exceeded your current quota, please check your plan and billing details. For more information on this error, head to: https://ai.google.dev/gemini-api/docs/rate-limits. To monitor your current usage, head to: https://ai.dev/rate-limit. 
* Quota exceeded for metric: generativelanguage.googleapis.com/generate_content_free_tier_requests, limit: 15, model: gemini-3.1-flash-lite
Please retry in 45.468638165s. [links {
  description: ""Learn more about Gemini API quotas""
  url: ""https://ai.google.dev/gemini-api/docs/rate-limits""
}
, violations {
  quota_metric: ""generativelanguage.googleapis.com/generate_content_free_tier_requests""
  quota_id: ""GenerateRequestsPerMinutePerProjectPerModel-FreeTier""
  quota_dimensions {
    key: ""model""
    value: ""gemini-3.1-flash-lite""
  }
  quota_dimensions {
    key: ""location""
    value: ""global""
  }
  quota_value: 15
}
, retry_delay {
  seconds: 45
}
]",0,Retrieved: 0/1 expected sources. Missing: ['it/access-control-sop.md'],1,"Evaluation error: 429 You exceeded your current quota, please check your plan and billing details. For more information on this error, head to: https://ai.google.dev/gemini-api/docs/rate-limits. To monitor your current usage, head to: https://ai.dev/rate-limit. 
* Quota exceeded for metric: generativelanguage.googleapis.com/generate_content_free_tier_requests, limit: 15, model: gemini-3.1-flash-lite
Please retry in 45.205326167s. [links {
  description: ""Learn more about Gemini API quotas""
  url: ""https://ai.google.dev/gemini-api/docs/rate-limits""
}
, violations {
  quota_metric: ""generativelanguage.googleapis.com/generate_content_free_tier_requests""
  quota_id: ""GenerateRequestsPerMinutePerProjectPerModel-FreeTier""
  quota_dimensions {
    key: ""model""
    value: ""gemini-3.1-flash-lite""
  }
  quota_dimensions {
    key: ""location""
    value: ""global""
  }
  quota_value: 15
}
, retry_delay {
  seconds: 45
}
]",baseline_dense
gq06,Cross-Document,"Lúc 2 giờ sáng xảy ra sự cố P1, on-call engineer cần cấp quyền tạm thời cho một engineer xử lý incident. Quy trình cụ thể như thế nào và quyền này tồn tại bao lâu?","ERROR: 429 You exceeded your current quota, please check your plan and billing details. For more information on this error, head to: https://ai.google.dev/gemini-api/docs/rate-limits. To monitor your current usage, head to: https://ai.dev/rate-limit. 
* Quota exceeded for metric: generativelanguage.googleapis.com/generate_content_free_tier_requests, limit: 15, model: gemini-3.1-flash-lite
Please retry in 41.731012053s. [links {
  description: ""Learn more about Gemini API quotas""
  url: ""https://ai.google.dev/gemini-api/docs/rate-limits""
}
, violations {
  quota_metric: ""generativelanguage.googleapis.com/generate_content_free_tier_requests""
  quota_id: ""GenerateRequestsPerMinutePerProjectPerModel-FreeTier""
  quota_dimensions {
    key: ""model""
    value: ""gemini-3.1-flash-lite""
  }
  quota_dimensions {
    key: ""location""
    value: ""global""
  }
  quota_value: 15
}
, retry_delay {
  seconds: 41
}
]","On-call IT Admin có thể cấp quyền tạm thời (tối đa 24 giờ) sau khi được Tech Lead phê duyệt bằng lời. Sau 24 giờ, phải có ticket chính thức hoặc quyền bị thu hồi tự động. Mọi quyền tạm thời phải được ghi log vào hệ thống Security Audit. Liên hệ on-call qua hotline ext. 9999 (24/7) theo SLA P1.",1,Evaluation error: 403 Your API key was reported as leaked. Please use another API key.,1,"Evaluation error: 429 You exceeded your current quota, please check your plan and billing details. For more information on this error, head to: https://ai.google.dev/gemini-api/docs/rate-limits. To monitor your current usage, head to: https://ai.dev/rate-limit. 
* Quota exceeded for metric: generativelanguage.googleapis.com/generate_content_free_tier_requests, limit: 15, model: gemini-3.1-flash-lite
Please retry in 41.070689786s. [links {
  description: ""Learn more about Gemini API quotas""
  url: ""https://ai.google.dev/gemini-api/docs/rate-limits""
}
, violations {
  quota_metric: ""generativelanguage.googleapis.com/generate_content_free_tier_requests""
  quota_id: ""GenerateRequestsPerMinutePerProjectPerModel-FreeTier""
  quota_dimensions {
    key: ""model""
    value: ""gemini-3.1-flash-lite""
  }
  quota_dimensions {
    key: ""location""
    value: ""global""
  }
  quota_value: 15
}
, retry_delay {
  seconds: 41
}
]",0,"Retrieved: 0/2 expected sources. Missing: ['it/access-control-sop.md', 'support/sla-p1-2026.pdf']",1,"Evaluation error: 429 You exceeded your current quota, please check your plan and billing details. For more information on this error, head to: https://ai.google.dev/gemini-api/docs/rate-limits. To monitor your current usage, head to: https://ai.dev/rate-limit. 
* Quota exceeded for metric: generativelanguage.googleapis.com/generate_content_free_tier_requests, limit: 15, model: gemini-3.1-flash-lite
Please retry in 40.847344444s. [links {
  description: ""Learn more about Gemini API quotas""
  url: ""https://ai.google.dev/gemini-api/docs/rate-limits""
}
, violations {
  quota_metric: ""generativelanguage.googleapis.com/generate_content_free_tier_requests""
  quota_id: ""GenerateRequestsPerMinutePerProjectPerModel-FreeTier""
  quota_dimensions {
    key: ""model""
    value: ""gemini-3.1-flash-lite""
  }
  quota_dimensions {
    key: ""location""
    value: ""global""
  }
  quota_value: 15
}
, retry_delay {
  seconds: 40
}
]",baseline_dense
gq07,Insufficient Context,Công ty sẽ phạt bao nhiêu nếu team IT vi phạm cam kết SLA P1?,ERROR: 403 Your API key was reported as leaked. Please use another API key.,"Tài liệu hiện có không quy định mức phạt hay hình thức xử lý khi vi phạm SLA P1. Tài liệu sla-p1-2026.pdf chỉ mô tả quy trình xử lý và SLA target, không có điều khoản về penalty.",1,"Evaluation error: 429 You exceeded your current quota, please check your plan and billing details. For more information on this error, head to: https://ai.google.dev/gemini-api/docs/rate-limits. To monitor your current usage, head to: https://ai.dev/rate-limit. 
* Quota exceeded for metric: generativelanguage.googleapis.com/generate_content_free_tier_requests, limit: 15, model: gemini-3.1-flash-lite
Please retry in 36.882068892s. [links {
  description: ""Learn more about Gemini API quotas""
  url: ""https://ai.google.dev/gemini-api/docs/rate-limits""
}
, violations {
  quota_metric: ""generativelanguage.googleapis.com/generate_content_free_tier_requests""
  quota_id: ""GenerateRequestsPerMinutePerProjectPerModel-FreeTier""
  quota_dimensions {
    key: ""model""
    value: ""gemini-3.1-flash-lite""
  }
  quota_dimensions {
    key: ""location""
    value: ""global""
  }
  quota_value: 15
}
, retry_delay {
  seconds: 36
}
]",1,"Evaluation error: 429 You exceeded your current quota, please check your plan and billing details. For more information on this error, head to: https://ai.google.dev/gemini-api/docs/rate-limits. To monitor your current usage, head to: https://ai.dev/rate-limit. 
* Quota exceeded for metric: generativelanguage.googleapis.com/generate_content_free_tier_requests, limit: 15, model: gemini-3.1-flash-lite
Please retry in 36.67276167s. [links {
  description: ""Learn more about Gemini API quotas""
  url: ""https://ai.google.dev/gemini-api/docs/rate-limits""
}
, violations {
  quota_metric: ""generativelanguage.googleapis.com/generate_content_free_tier_requests""
  quota_id: ""GenerateRequestsPerMinutePerProjectPerModel-FreeTier""
  quota_dimensions {
    key: ""model""
    value: ""gemini-3.1-flash-lite""
  }
  quota_dimensions {
    key: ""location""
    value: ""global""
  }
  quota_value: 15
}
, retry_delay {
  seconds: 36
}
]",,No expected sources,1,"Evaluation error: 429 You exceeded your current quota, please check your plan and billing details. For more information on this error, head to: https://ai.google.dev/gemini-api/docs/rate-limits. To monitor your current usage, head to: https://ai.dev/rate-limit. 
* Quota exceeded for metric: generativelanguage.googleapis.com/generate_content_free_tier_requests, limit: 15, model: gemini-3.1-flash-lite
Please retry in 36.480039942s. [links {
  description: ""Learn more about Gemini API quotas""
  url: ""https://ai.google.dev/gemini-api/docs/rate-limits""
}
, violations {
  quota_metric: ""generativelanguage.googleapis.com/generate_content_free_tier_requests""
  quota_id: ""GenerateRequestsPerMinutePerProjectPerModel-FreeTier""
  quota_dimensions {
    key: ""model""
    value: ""gemini-3.1-flash-lite""
  }
  quota_dimensions {
    key: ""location""
    value: ""global""
  }
  quota_value: 15
}
, retry_delay {
  seconds: 36
}
]",baseline_dense
gq08,HR Policy,Nhân viên phải báo trước bao nhiêu ngày để xin nghỉ phép năm? Con số này có giống với số ngày cần giấy tờ khi nghỉ ốm không?,"ERROR: 429 You exceeded your current quota, please check your plan and billing details. For more information on this error, head to: https://ai.google.dev/gemini-api/docs/rate-limits. To monitor your current usage, head to: https://ai.dev/rate-limit. 
* Quota exceeded for metric: generativelanguage.googleapis.com/generate_content_free_tier_requests, limit: 15, model: gemini-3.1-flash-lite
Please retry in 32.201656738s. [links {
  description: ""Learn more about Gemini API quotas""
  url: ""https://ai.google.dev/gemini-api/docs/rate-limits""
}
, violations {
  quota_metric: ""generativelanguage.googleapis.com/generate_content_free_tier_requests""
  quota_id: ""GenerateRequestsPerMinutePerProjectPerModel-FreeTier""
  quota_dimensions {
    key: ""model""
    value: ""gemini-3.1-flash-lite""
  }
  quota_dimensions {
    key: ""location""
    value: ""global""
  }
  quota_value: 15
}
, retry_delay {
  seconds: 32
}
]",Nghỉ phép năm cần báo trước ít nhất 3 ngày làm việc qua HR Portal. Nghỉ ốm cũng liên quan đến mốc 3 ngày: nếu nghỉ TRÊN 3 ngày liên tiếp thì cần giấy tờ y tế từ bệnh viện. Hai con số '3 ngày' này áp dụng cho hai tình huống khác nhau.,1,"Evaluation error: 429 You exceeded your current quota, please check your plan and billing details. For more information on this error, head to: https://ai.google.dev/gemini-api/docs/rate-limits. To monitor your current usage, head to: https://ai.dev/rate-limit. 
* Quota exceeded for metric: generativelanguage.googleapis.com/generate_content_free_tier_requests, limit: 15, model: gemini-3.1-flash-lite
Please retry in 31.994852258s. [links {
  description: ""Learn more about Gemini API quotas""
  url: ""https://ai.google.dev/gemini-api/docs/rate-limits""
}
, violations {
  quota_metric: ""generativelanguage.googleapis.com/generate_content_free_tier_requests""
  quota_id: ""GenerateRequestsPerMinutePerProjectPerModel-FreeTier""
  quota_dimensions {
    key: ""model""
    value: ""gemini-3.1-flash-lite""
  }
  quota_dimensions {
    key: ""location""
    value: ""global""
  }
  quota_value: 15
}
, retry_delay {
  seconds: 31
}
]",1,"Evaluation error: 429 You exceeded your current quota, please check your plan and billing details. For more information on this error, head to: https://ai.google.dev/gemini-api/docs/rate-limits. To monitor your current usage, head to: https://ai.dev/rate-limit. 
* Quota exceeded for metric: generativelanguage.googleapis.com/generate_content_free_tier_requests, limit: 15, model: gemini-3.1-flash-lite
Please retry in 31.821960657s. [links {
  description: ""Learn more about Gemini API quotas""
  url: ""https://ai.google.dev/gemini-api/docs/rate-limits""
}
, violations {
  quota_metric: ""generativelanguage.googleapis.com/generate_content_free_tier_requests""
  quota_id: ""GenerateRequestsPerMinutePerProjectPerModel-FreeTier""
  quota_dimensions {
    key: ""model""
    value: ""gemini-3.1-flash-lite""
  }
  quota_dimensions {
    key: ""location""
    value: ""global""
  }
  quota_value: 15
}
, retry_delay {
  seconds: 31
}
]",0,Retrieved: 0/1 expected sources. Missing: ['hr/leave-policy-2026.pdf'],1,"Evaluation error: 429 You exceeded your current quota, please check your plan and billing details. For more information on this error, head to: https://ai.google.dev/gemini-api/docs/rate-limits. To monitor your current usage, head to: https://ai.dev/rate-limit. 
* Quota exceeded for metric: generativelanguage.googleapis.com/generate_content_free_tier_requests, limit: 15, model: gemini-3.1-flash-lite
Please retry in 31.65973858s. [links {
  description: ""Learn more about Gemini API quotas""
  url: ""https://ai.google.dev/gemini-api/docs/rate-limits""
}
, violations {
  quota_metric: ""generativelanguage.googleapis.com/generate_content_free_tier_requests""
  quota_id: ""GenerateRequestsPerMinutePerProjectPerModel-FreeTier""
  quota_dimensions {
    key: ""model""
    value: ""gemini-3.1-flash-lite""
  }
  quota_dimensions {
    key: ""location""
    value: ""global""
  }
  quota_value: 15
}
, retry_delay {
  seconds: 31
}
]",baseline_dense
gq09,IT Helpdesk,"Mật khẩu tài khoản công ty cần đổi định kỳ không? Nếu có, hệ thống sẽ nhắc nhở trước bao nhiêu ngày và đổi qua đâu?","ERROR: 429 You exceeded your current quota, please check your plan and billing details. For more information on this error, head to: https://ai.google.dev/gemini-api/docs/rate-limits. To monitor your current usage, head to: https://ai.dev/rate-limit. 
* Quota exceeded for metric: generativelanguage.googleapis.com/generate_content_free_tier_requests, limit: 15, model: gemini-3.1-flash-lite
Please retry in 28.089383173s. [links {
  description: ""Learn more about Gemini API quotas""
  url: ""https://ai.google.dev/gemini-api/docs/rate-limits""
}
, violations {
  quota_metric: ""generativelanguage.googleapis.com/generate_content_free_tier_requests""
  quota_id: ""GenerateRequestsPerMinutePerProjectPerModel-FreeTier""
  quota_dimensions {
    key: ""model""
    value: ""gemini-3.1-flash-lite""
  }
  quota_dimensions {
    key: ""location""
    value: ""global""
  }
  quota_value: 15
}
, retry_delay {
  seconds: 28
}
]","Có. Mật khẩu phải được thay đổi mỗi 90 ngày. Hệ thống sẽ nhắc nhở 7 ngày trước khi hết hạn. Để đổi mật khẩu, truy cập https://sso.company.internal/reset hoặc liên hệ Helpdesk qua ext. 9000.",1,"Evaluation error: 429 You exceeded your current quota, please check your plan and billing details. For more information on this error, head to: https://ai.google.dev/gemini-api/docs/rate-limits. To monitor your current usage, head to: https://ai.dev/rate-limit. 
* Quota exceeded for metric: generativelanguage.googleapis.com/generate_content_free_tier_requests, limit: 15, model: gemini-3.1-flash-lite
Please retry in 27.886155714s. [links {
  description: ""Learn more about Gemini API quotas""
  url: ""https://ai.google.dev/gemini-api/docs/rate-limits""
}
, violations {
  quota_metric: ""generativelanguage.googleapis.com/generate_content_free_tier_requests""
  quota_id: ""GenerateRequestsPerMinutePerProjectPerModel-FreeTier""
  quota_dimensions {
    key: ""model""
    value: ""gemini-3.1-flash-lite""
  }
  quota_dimensions {
    key: ""location""
    value: ""global""
  }
  quota_value: 15
}
, retry_delay {
  seconds: 27
}
]",1,"Evaluation error: 429 You exceeded your current quota, please check your plan and billing details. For more information on this error, head to: https://ai.google.dev/gemini-api/docs/rate-limits. To monitor your current usage, head to: https://ai.dev/rate-limit. 
* Quota exceeded for metric: generativelanguage.googleapis.com/generate_content_free_tier_requests, limit: 15, model: gemini-3.1-flash-lite
Please retry in 27.684194531s. [links {
  description: ""Learn more about Gemini API quotas""
  url: ""https://ai.google.dev/gemini-api/docs/rate-limits""
}
, violations {
  quota_metric: ""generativelanguage.googleapis.com/generate_content_free_tier_requests""
  quota_id: ""GenerateRequestsPerMinutePerProjectPerModel-FreeTier""
  quota_dimensions {
    key: ""model""
    value: ""gemini-3.1-flash-lite""
  }
  quota_dimensions {
    key: ""location""
    value: ""global""
  }
  quota_value: 15
}
, retry_delay {
  seconds: 27
}
]",0,Retrieved: 0/1 expected sources. Missing: ['support/helpdesk-faq.md'],1,"Evaluation error: 429 You exceeded your current quota, please check your plan and billing details. For more information on this error, head to: https://ai.google.dev/gemini-api/docs/rate-limits. To monitor your current usage, head to: https://ai.dev/rate-limit. 
* Quota exceeded for metric: generativelanguage.googleapis.com/generate_content_free_tier_requests, limit: 15, model: gemini-3.1-flash-lite
Please retry in 27.471203065s. [links {
  description: ""Learn more about Gemini API quotas""
  url: ""https://ai.google.dev/gemini-api/docs/rate-limits""
}
, violations {
  quota_metric: ""generativelanguage.googleapis.com/generate_content_free_tier_requests""
  quota_id: ""GenerateRequestsPerMinutePerProjectPerModel-FreeTier""
  quota_dimensions {
    key: ""model""
    value: ""gemini-3.1-flash-lite""
  }
  quota_dimensions {
    key: ""location""
    value: ""global""
  }
  quota_value: 15
}
, retry_delay {
  seconds: 27
}
]",baseline_dense
gq10,Refund,Chính sách hoàn tiền hiện tại áp dụng cho đơn hàng đặt trước ngày 01/02/2026 không?,"ERROR: 429 You exceeded your current quota, please check your plan and billing details. For more information on this error, head to: https://ai.google.dev/gemini-api/docs/rate-limits. To monitor your current usage, head to: https://ai.dev/rate-limit. 
* Quota exceeded for metric: generativelanguage.googleapis.com/generate_content_free_tier_requests, limit: 15, model: gemini-3.1-flash-lite
Please retry in 24.16222117s. [links {
  description: ""Learn more about Gemini API quotas""
  url: ""https://ai.google.dev/gemini-api/docs/rate-limits""
}
, violations {
  quota_metric: ""generativelanguage.googleapis.com/generate_content_free_tier_requests""
  quota_id: ""GenerateRequestsPerMinutePerProjectPerModel-FreeTier""
  quota_dimensions {
    key: ""model""
    value: ""gemini-3.1-flash-lite""
  }
  quota_dimensions {
    key: ""location""
    value: ""global""
  }
  quota_value: 15
}
, retry_delay {
  seconds: 24
}
]",Không. Chính sách hoàn tiền phiên bản 4 có hiệu lực từ ngày 01/02/2026 và chỉ áp dụng cho các đơn hàng được đặt kể từ ngày đó. Các đơn hàng đặt trước ngày này sẽ áp dụng theo chính sách hoàn tiền phiên bản 3.,1,"Evaluation error: 429 You exceeded your current quota, please check your plan and billing details. For more information on this error, head to: https://ai.google.dev/gemini-api/docs/rate-limits. To monitor your current usage, head to: https://ai.dev/rate-limit. 
* Quota exceeded for metric: generativelanguage.googleapis.com/generate_content_free_tier_requests, limit: 15, model: gemini-3.1-flash-lite
Please retry in 23.98040644s. [links {
  description: ""Learn more about Gemini API quotas""
  url: ""https://ai.google.dev/gemini-api/docs/rate-limits""
}
, violations {
  quota_metric: ""generativelanguage.googleapis.com/generate_content_free_tier_requests""
  quota_id: ""GenerateRequestsPerMinutePerProjectPerModel-FreeTier""
  quota_dimensions {
    key: ""model""
    value: ""gemini-3.1-flash-lite""
  }
  quota_dimensions {
    key: ""location""
    value: ""global""
  }
  quota_value: 15
}
, retry_delay {
  seconds: 23
}
]",1,"Evaluation error: 429 You exceeded your current quota, please check your plan and billing details. For more information on this error, head to: https://ai.google.dev/gemini-api/docs/rate-limits. To monitor your current usage, head to: https://ai.dev/rate-limit. 
* Quota exceeded for metric: generativelanguage.googleapis.com/generate_content_free_tier_requests, limit: 15, model: gemini-3.1-flash-lite
Please retry in 23.787324925s. [links {
  description: ""Learn more about Gemini API quotas""
  url: ""https://ai.google.dev/gemini-api/docs/rate-limits""
}
, violations {
  quota_metric: ""generativelanguage.googleapis.com/generate_content_free_tier_requests""
  quota_id: ""GenerateRequestsPerMinutePerProjectPerModel-FreeTier""
  quota_dimensions {
    key: ""model""
    value: ""gemini-3.1-flash-lite""
  }
  quota_dimensions {
    key: ""location""
    value: ""global""
  }
  quota_value: 15
}
, retry_delay {
  seconds: 23
}
]",0,Retrieved: 0/1 expected sources. Missing: ['policy/refund-v4.pdf'],1,"Evaluation error: 429 You exceeded your current quota, please check your plan and billing details. For more information on this error, head to: https://ai.google.dev/gemini-api/docs/rate-limits. To monitor your current usage, head to: https://ai.dev/rate-limit. 
* Quota exceeded for metric: generativelanguage.googleapis.com/generate_content_free_tier_requests, limit: 15, model: gemini-3.1-flash-lite
Please retry in 23.614980064s. [links {
  description: ""Learn more about Gemini API quotas""
  url: ""https://ai.google.dev/gemini-api/docs/rate-limits""
}
, violations {
  quota_metric: ""generativelanguage.googleapis.com/generate_content_free_tier_requests""
  quota_id: ""GenerateRequestsPerMinutePerProjectPerModel-FreeTier""
  quota_dimensions {
    key: ""model""
    value: ""gemini-3.1-flash-lite""
  }
  quota_dimensions {
    key: ""location""
    value: ""global""
  }
  quota_value: 15
}
, retry_delay {
  seconds: 23
}
]",baseline_dense
gq01,SLA,SLA xử lý ticket P1 đã thay đổi như thế nào so với phiên bản trước?,"ERROR: 429 You exceeded your current quota, please check your plan and billing details. For more information on this error, head to: https://ai.google.dev/gemini-api/docs/rate-limits. To monitor your current usage, head to: https://ai.dev/rate-limit. 
* Quota exceeded for metric: generativelanguage.googleapis.com/generate_content_free_tier_requests, limit: 15, model: gemini-3.1-flash-lite
Please retry in 16.853520304s. [links {
  description: ""Learn more about Gemini API quotas""
  url: ""https://ai.google.dev/gemini-api/docs/rate-limits""
}
, violations {
  quota_metric: ""generativelanguage.googleapis.com/generate_content_free_tier_requests""
  quota_id: ""GenerateRequestsPerMinutePerProjectPerModel-FreeTier""
  quota_dimensions {
    key: ""model""
    value: ""gemini-3.1-flash-lite""
  }
  quota_dimensions {
    key: ""location""
    value: ""global""
  }
  quota_value: 15
}
, retry_delay {
  seconds: 16
}
]","Phiên bản hiện tại (v2026.1, có hiệu lực từ 2026-01-15) đã cập nhật SLA P1 resolution từ 6 giờ xuống còn 4 giờ. Phiên bản trước (v2025.3) không thay đổi SLA này.",1,"Evaluation error: 429 You exceeded your current quota, please check your plan and billing details. For more information on this error, head to: https://ai.google.dev/gemini-api/docs/rate-limits. To monitor your current usage, head to: https://ai.dev/rate-limit. 
* Quota exceeded for metric: generativelanguage.googleapis.com/generate_content_free_tier_requests, limit: 15, model: gemini-3.1-flash-lite
Please retry in 16.638490526s. [links {
  description: ""Learn more about Gemini API quotas""
  url: ""https://ai.google.dev/gemini-api/docs/rate-limits""
}
, violations {
  quota_metric: ""generativelanguage.googleapis.com/generate_content_free_tier_requests""
  quota_id: ""GenerateRequestsPerMinutePerProjectPerModel-FreeTier""
  quota_dimensions {
    key: ""model""
    value: ""gemini-3.1-flash-lite""
  }
  quota_dimensions {
    key: ""location""
    value: ""global""
  }
  quota_value: 15
}
, retry_delay {
  seconds: 16
}
]",1,"Evaluation error: 429 You exceeded your current quota, please check your plan and billing details. For more information on this error, head to: https://ai.google.dev/gemini-api/docs/rate-limits. To monitor your current usage, head to: https://ai.dev/rate-limit. 
* Quota exceeded for metric: generativelanguage.googleapis.com/generate_content_free_tier_requests, limit: 15, model: gemini-3.1-flash-lite
Please retry in 16.412833668s. [links {
  description: ""Learn more about Gemini API quotas""
  url: ""https://ai.google.dev/gemini-api/docs/rate-limits""
}
, violations {
  quota_metric: ""generativelanguage.googleapis.com/generate_content_free_tier_requests""
  quota_id: ""GenerateRequestsPerMinutePerProjectPerModel-FreeTier""
  quota_dimensions {
    key: ""model""
    value: ""gemini-3.1-flash-lite""
  }
  quota_dimensions {
    key: ""location""
    value: ""global""
  }
  quota_value: 15
}
, retry_delay {
  seconds: 16
}
]",0,Retrieved: 0/1 expected sources. Missing: ['support/sla-p1-2026.pdf'],1,"Evaluation error: 429 You exceeded your current quota, please check your plan and billing details. For more information on this error, head to: https://ai.google.dev/gemini-api/docs/rate-limits. To monitor your current usage, head to: https://ai.dev/rate-limit. 
* Quota exceeded for metric: generativelanguage.googleapis.com/generate_content_free_tier_requests, limit: 15, model: gemini-3.1-flash-lite
Please retry in 16.18733063s. [links {
  description: ""Learn more about Gemini API quotas""
  url: ""https://ai.google.dev/gemini-api/docs/rate-limits""
}
, violations {
  quota_metric: ""generativelanguage.googleapis.com/generate_content_free_tier_requests""
  quota_id: ""GenerateRequestsPerMinutePerProjectPerModel-FreeTier""
  quota_dimensions {
    key: ""model""
    value: ""gemini-3.1-flash-lite""
  }
  quota_dimensions {
    key: ""location""
    value: ""global""
  }
  quota_value: 15
}
, retry_delay {
  seconds: 16
}
]",variant_hybrid
gq02,Cross-Document,"Khi làm việc remote, tôi phải dùng VPN và được kết nối trên tối đa bao nhiêu thiết bị?","ERROR: 429 You exceeded your current quota, please check your plan and billing details. For more information on this error, head to: https://ai.google.dev/gemini-api/docs/rate-limits. To monitor your current usage, head to: https://ai.dev/rate-limit. 
* Quota exceeded for metric: generativelanguage.googleapis.com/generate_content_free_tier_requests, limit: 15, model: gemini-3.1-flash-lite
Please retry in 12.774322317s. [links {
  description: ""Learn more about Gemini API quotas""
  url: ""https://ai.google.dev/gemini-api/docs/rate-limits""
}
, violations {
  quota_metric: ""generativelanguage.googleapis.com/generate_content_free_tier_requests""
  quota_id: ""GenerateRequestsPerMinutePerProjectPerModel-FreeTier""
  quota_dimensions {
    key: ""model""
    value: ""gemini-3.1-flash-lite""
  }
  quota_dimensions {
    key: ""location""
    value: ""global""
  }
  quota_value: 15
}
, retry_delay {
  seconds: 12
}
]","Khi làm việc remote và truy cập hệ thống nội bộ, VPN là bắt buộc (theo HR Leave Policy). Phần mềm VPN là Cisco AnyConnect và mỗi tài khoản được kết nối VPN trên tối đa 2 thiết bị cùng lúc (theo IT Helpdesk FAQ).",1,"Evaluation error: 429 You exceeded your current quota, please check your plan and billing details. For more information on this error, head to: https://ai.google.dev/gemini-api/docs/rate-limits. To monitor your current usage, head to: https://ai.dev/rate-limit. 
* Quota exceeded for metric: generativelanguage.googleapis.com/generate_content_free_tier_requests, limit: 15, model: gemini-3.1-flash-lite
Please retry in 12.567592329s. [links {
  description: ""Learn more about Gemini API quotas""
  url: ""https://ai.google.dev/gemini-api/docs/rate-limits""
}
, violations {
  quota_metric: ""generativelanguage.googleapis.com/generate_content_free_tier_requests""
  quota_id: ""GenerateRequestsPerMinutePerProjectPerModel-FreeTier""
  quota_dimensions {
    key: ""model""
    value: ""gemini-3.1-flash-lite""
  }
  quota_dimensions {
    key: ""location""
    value: ""global""
  }
  quota_value: 15
}
, retry_delay {
  seconds: 12
}
]",1,"Evaluation error: 429 You exceeded your current quota, please check your plan and billing details. For more information on this error, head to: https://ai.google.dev/gemini-api/docs/rate-limits. To monitor your current usage, head to: https://ai.dev/rate-limit. 
* Quota exceeded for metric: generativelanguage.googleapis.com/generate_content_free_tier_requests, limit: 15, model: gemini-3.1-flash-lite
Please retry in 12.330527827s. [links {
  description: ""Learn more about Gemini API quotas""
  url: ""https://ai.google.dev/gemini-api/docs/rate-limits""
}
, violations {
  quota_metric: ""generativelanguage.googleapis.com/generate_content_free_tier_requests""
  quota_id: ""GenerateRequestsPerMinutePerProjectPerModel-FreeTier""
  quota_dimensions {
    key: ""model""
    value: ""gemini-3.1-flash-lite""
  }
  quota_dimensions {
    key: ""location""
    value: ""global""
  }
  quota_value: 15
}
, retry_delay {
  seconds: 12
}
]",0,"Retrieved: 0/2 expected sources. Missing: ['hr/leave-policy-2026.pdf', 'support/helpdesk-faq.md']",1,"Evaluation error: 429 You exceeded your current quota, please check your plan and billing details. For more information on this error, head to: https://ai.google.dev/gemini-api/docs/rate-limits. To monitor your current usage, head to: https://ai.dev/rate-limit. 
* Quota exceeded for metric: generativelanguage.googleapis.com/generate_content_free_tier_requests, limit: 15, model: gemini-3.1-flash-lite
Please retry in 12.161394872s. [links {
  description: ""Learn more about Gemini API quotas""
  url: ""https://ai.google.dev/gemini-api/docs/rate-limits""
}
, violations {
  quota_metric: ""generativelanguage.googleapis.com/generate_content_free_tier_requests""
  quota_id: ""GenerateRequestsPerMinutePerProjectPerModel-FreeTier""
  quota_dimensions {
    key: ""model""
    value: ""gemini-3.1-flash-lite""
  }
  quota_dimensions {
    key: ""location""
    value: ""global""
  }
  quota_value: 15
}
, retry_delay {
  seconds: 12
}
]",variant_hybrid
gq03,Refund,Đơn hàng mua trong chương trình Flash Sale và đã kích hoạt sản phẩm có được hoàn tiền không?,"ERROR: 429 You exceeded your current quota, please check your plan and billing details. For more information on this error, head to: https://ai.google.dev/gemini-api/docs/rate-limits. To monitor your current usage, head to: https://ai.dev/rate-limit. 
* Quota exceeded for metric: generativelanguage.googleapis.com/generate_content_free_tier_requests, limit: 15, model: gemini-3.1-flash-lite
Please retry in 8.608747579s. [links {
  description: ""Learn more about Gemini API quotas""
  url: ""https://ai.google.dev/gemini-api/docs/rate-limits""
}
, violations {
  quota_metric: ""generativelanguage.googleapis.com/generate_content_free_tier_requests""
  quota_id: ""GenerateRequestsPerMinutePerProjectPerModel-FreeTier""
  quota_dimensions {
    key: ""model""
    value: ""gemini-3.1-flash-lite""
  }
  quota_dimensions {
    key: ""location""
    value: ""global""
  }
  quota_value: 15
}
, retry_delay {
  seconds: 8
}
]",Không được hoàn tiền. Đơn hàng rơi vào hai ngoại lệ cùng lúc: (1) đơn hàng áp dụng mã giảm giá chương trình Flash Sale và (2) sản phẩm đã được kích hoạt - cả hai đều thuộc danh sách ngoại lệ không được hoàn tiền theo Điều 3 của chính sách.,1,"Evaluation error: 429 You exceeded your current quota, please check your plan and billing details. For more information on this error, head to: https://ai.google.dev/gemini-api/docs/rate-limits. To monitor your current usage, head to: https://ai.dev/rate-limit. 
* Quota exceeded for metric: generativelanguage.googleapis.com/generate_content_free_tier_requests, limit: 15, model: gemini-3.1-flash-lite
Please retry in 8.428671927s. [links {
  description: ""Learn more about Gemini API quotas""
  url: ""https://ai.google.dev/gemini-api/docs/rate-limits""
}
, violations {
  quota_metric: ""generativelanguage.googleapis.com/generate_content_free_tier_requests""
  quota_id: ""GenerateRequestsPerMinutePerProjectPerModel-FreeTier""
  quota_dimensions {
    key: ""model""
    value: ""gemini-3.1-flash-lite""
  }
  quota_dimensions {
    key: ""location""
    value: ""global""
  }
  quota_value: 15
}
, retry_delay {
  seconds: 8
}
]",1,"Evaluation error: 429 You exceeded your current quota, please check your plan and billing details. For more information on this error, head to: https://ai.google.dev/gemini-api/docs/rate-limits. To monitor your current usage, head to: https://ai.dev/rate-limit. 
* Quota exceeded for metric: generativelanguage.googleapis.com/generate_content_free_tier_requests, limit: 15, model: gemini-3.1-flash-lite
Please retry in 8.198793779s. [links {
  description: ""Learn more about Gemini API quotas""
  url: ""https://ai.google.dev/gemini-api/docs/rate-limits""
}
, violations {
  quota_metric: ""generativelanguage.googleapis.com/generate_content_free_tier_requests""
  quota_id: ""GenerateRequestsPerMinutePerProjectPerModel-FreeTier""
  quota_dimensions {
    key: ""model""
    value: ""gemini-3.1-flash-lite""
  }
  quota_dimensions {
    key: ""location""
    value: ""global""
  }
  quota_value: 15
}
, retry_delay {
  seconds: 8
}
]",0,Retrieved: 0/1 expected sources. Missing: ['policy/refund-v4.pdf'],1,"Evaluation error: 429 You exceeded your current quota, please check your plan and billing details. For more information on this error, head to: https://ai.google.dev/gemini-api/docs/rate-limits. To monitor your current usage, head to: https://ai.dev/rate-limit. 
* Quota exceeded for metric: generativelanguage.googleapis.com/generate_content_free_tier_requests, limit: 15, model: gemini-3.1-flash-lite
Please retry in 8.002021041s. [links {
  description: ""Learn more about Gemini API quotas""
  url: ""https://ai.google.dev/gemini-api/docs/rate-limits""
}
, violations {
  quota_metric: ""generativelanguage.googleapis.com/generate_content_free_tier_requests""
  quota_id: ""GenerateRequestsPerMinutePerProjectPerModel-FreeTier""
  quota_dimensions {
    key: ""model""
    value: ""gemini-3.1-flash-lite""
  }
  quota_dimensions {
    key: ""location""
    value: ""global""
  }
  quota_value: 15
}
, retry_delay {
  seconds: 8
}
]",variant_hybrid
gq04,Refund,"Nếu chọn nhận store credit thay vì hoàn tiền, tôi được bao nhiêu phần trăm so với số tiền gốc?",ERROR: 403 Your API key was reported as leaked. Please use another API key.,"Khách hàng có thể chọn nhận store credit (credit nội bộ) thay thế với giá trị 110% so với số tiền hoàn gốc. Đây là tùy chọn, không phải bắt buộc.",1,"Evaluation error: 429 You exceeded your current quota, please check your plan and billing details. For more information on this error, head to: https://ai.google.dev/gemini-api/docs/rate-limits. To monitor your current usage, head to: https://ai.dev/rate-limit. 
* Quota exceeded for metric: generativelanguage.googleapis.com/generate_content_free_tier_requests, limit: 15, model: gemini-3.1-flash-lite
Please retry in 4.099796682s. [links {
  description: ""Learn more about Gemini API quotas""
  url: ""https://ai.google.dev/gemini-api/docs/rate-limits""
}
, violations {
  quota_metric: ""generativelanguage.googleapis.com/generate_content_free_tier_requests""
  quota_id: ""GenerateRequestsPerMinutePerProjectPerModel-FreeTier""
  quota_dimensions {
    key: ""model""
    value: ""gemini-3.1-flash-lite""
  }
  quota_dimensions {
    key: ""location""
    value: ""global""
  }
  quota_value: 15
}
, retry_delay {
  seconds: 4
}
]",1,Evaluation error: 403 Your API key was reported as leaked. Please use another API key.,0,Retrieved: 0/1 expected sources. Missing: ['policy/refund-v4.pdf'],1,Evaluation error: 403 Your API key was reported as leaked. Please use another API key.,variant_hybrid
gq05,Access Control,"Contractor từ bên ngoài công ty có thể được cấp quyền Admin Access không? Nếu có, cần bao nhiêu ngày và có yêu cầu đặc biệt gì?",ERROR: 403 Your API key was reported as leaked. Please use another API key.,"Có. Theo Access Control SOP, quy trình áp dụng cho tất cả nhân viên, contractor và third-party vendor. Admin Access (Level 4) cần phê duyệt từ IT Manager và CISO, thời gian xử lý 5 ngày làm việc, và có yêu cầu thêm: training bắt buộc về security policy.",1,Evaluation error: 403 Your API key was reported as leaked. Please use another API key.,1,Evaluation error: 403 Your API key was reported as leaked. Please use another API key.,0,Retrieved: 0/1 expected sources. Missing: ['it/access-control-sop.md'],1,Evaluation error: 403 Your API key was reported as leaked. Please use another API key.,variant_hybrid
gq06,Cross-Document,"Lúc 2 giờ sáng xảy ra sự cố P1, on-call engineer cần cấp quyền tạm thời cho một engineer xử lý incident. Quy trình cụ thể như thế nào và quyền này tồn tại bao lâu?",ERROR: 403 Your API key was reported as leaked. Please use another API key.,"On-call IT Admin có thể cấp quyền tạm thời (tối đa 24 giờ) sau khi được Tech Lead phê duyệt bằng lời. Sau 24 giờ, phải có ticket chính thức hoặc quyền bị thu hồi tự động. Mọi quyền tạm thời phải được ghi log vào hệ thống Security Audit. Liên hệ on-call qua hotline ext. 9999 (24/7) theo SLA P1.",1,Evaluation error: 403 Your API key was reported as leaked. Please use another API key.,1,Evaluation error: 403 Your API key was reported as leaked. Please use another API key.,0,"Retrieved: 0/2 expected sources. Missing: ['it/access-control-sop.md', 'support/sla-p1-2026.pdf']",1,Evaluation error: 403 Your API key was reported as leaked. Please use another API key.,variant_hybrid
gq07,Insufficient Context,Công ty sẽ phạt bao nhiêu nếu team IT vi phạm cam kết SLA P1?,ERROR: 403 Your API key was reported as leaked. Please use another API key.,"Tài liệu hiện có không quy định mức phạt hay hình thức xử lý khi vi phạm SLA P1. Tài liệu sla-p1-2026.pdf chỉ mô tả quy trình xử lý và SLA target, không có điều khoản về penalty.",1,Evaluation error: 403 Your API key was reported as leaked. Please use another API key.,1,Evaluation error: 403 Your API key was reported as leaked. Please use another API key.,,No expected sources,1,Evaluation error: 403 Your API key was reported as leaked. Please use another API key.,variant_hybrid
gq08,HR Policy,Nhân viên phải báo trước bao nhiêu ngày để xin nghỉ phép năm? Con số này có giống với số ngày cần giấy tờ khi nghỉ ốm không?,ERROR: 403 Your API key was reported as leaked. Please use another API key.,Nghỉ phép năm cần báo trước ít nhất 3 ngày làm việc qua HR Portal. Nghỉ ốm cũng liên quan đến mốc 3 ngày: nếu nghỉ TRÊN 3 ngày liên tiếp thì cần giấy tờ y tế từ bệnh viện. Hai con số '3 ngày' này áp dụng cho hai tình huống khác nhau.,1,"Evaluation error: 429 You exceeded your current quota, please check your plan and billing details. For more information on this error, head to: https://ai.google.dev/gemini-api/docs/rate-limits. To monitor your current usage, head to: https://ai.dev/rate-limit. 
* Quota exceeded for metric: generativelanguage.googleapis.com/generate_content_free_tier_requests, limit: 15, model: gemini-3.1-flash-lite
Please retry in 45.260176294s. [links {
  description: ""Learn more about Gemini API quotas""
  url: ""https://ai.google.dev/gemini-api/docs/rate-limits""
}
, violations {
  quota_metric: ""generativelanguage.googleapis.com/generate_content_free_tier_requests""
  quota_id: ""GenerateRequestsPerMinutePerProjectPerModel-FreeTier""
  quota_dimensions {
    key: ""model""
    value: ""gemini-3.1-flash-lite""
  }
  quota_dimensions {
    key: ""location""
    value: ""global""
  }
  quota_value: 15
}
, retry_delay {
  seconds: 45
}
]",1,Evaluation error: 403 Your API key was reported as leaked. Please use another API key.,0,Retrieved: 0/1 expected sources. Missing: ['hr/leave-policy-2026.pdf'],1,"Evaluation error: 429 You exceeded your current quota, please check your plan and billing details. For more information on this error, head to: https://ai.google.dev/gemini-api/docs/rate-limits. To monitor your current usage, head to: https://ai.dev/rate-limit. 
* Quota exceeded for metric: generativelanguage.googleapis.com/generate_content_free_tier_requests, limit: 15, model: gemini-3.1-flash-lite
Please retry in 44.704629698s. [links {
  description: ""Learn more about Gemini API quotas""
  url: ""https://ai.google.dev/gemini-api/docs/rate-limits""
}
, violations {
  quota_metric: ""generativelanguage.googleapis.com/generate_content_free_tier_requests""
  quota_id: ""GenerateRequestsPerMinutePerProjectPerModel-FreeTier""
  quota_dimensions {
    key: ""model""
    value: ""gemini-3.1-flash-lite""
  }
  quota_dimensions {
    key: ""location""
    value: ""global""
  }
  quota_value: 15
}
, retry_delay {
  seconds: 44
}
]",variant_hybrid
gq09,IT Helpdesk,"Mật khẩu tài khoản công ty cần đổi định kỳ không? Nếu có, hệ thống sẽ nhắc nhở trước bao nhiêu ngày và đổi qua đâu?","ERROR: 429 You exceeded your current quota, please check your plan and billing details. For more information on this error, head to: https://ai.google.dev/gemini-api/docs/rate-limits. To monitor your current usage, head to: https://ai.dev/rate-limit. 
* Quota exceeded for metric: generativelanguage.googleapis.com/generate_content_free_tier_requests, limit: 15, model: gemini-3.1-flash-lite
Please retry in 41.332968718s. [links {
  description: ""Learn more about Gemini API quotas""
  url: ""https://ai.google.dev/gemini-api/docs/rate-limits""
}
, violations {
  quota_metric: ""generativelanguage.googleapis.com/generate_content_free_tier_requests""
  quota_id: ""GenerateRequestsPerMinutePerProjectPerModel-FreeTier""
  quota_dimensions {
    key: ""model""
    value: ""gemini-3.1-flash-lite""
  }
  quota_dimensions {
    key: ""location""
    value: ""global""
  }
  quota_value: 15
}
, retry_delay {
  seconds: 41
}
]","Có. Mật khẩu phải được thay đổi mỗi 90 ngày. Hệ thống sẽ nhắc nhở 7 ngày trước khi hết hạn. Để đổi mật khẩu, truy cập https://sso.company.internal/reset hoặc liên hệ Helpdesk qua ext. 9000.",1,"Evaluation error: 429 You exceeded your current quota, please check your plan and billing details. For more information on this error, head to: https://ai.google.dev/gemini-api/docs/rate-limits. To monitor your current usage, head to: https://ai.dev/rate-limit. 
* Quota exceeded for metric: generativelanguage.googleapis.com/generate_content_free_tier_requests, limit: 15, model: gemini-3.1-flash-lite
Please retry in 41.167222535s. [links {
  description: ""Learn more about Gemini API quotas""
  url: ""https://ai.google.dev/gemini-api/docs/rate-limits""
}
, violations {
  quota_metric: ""generativelanguage.googleapis.com/generate_content_free_tier_requests""
  quota_id: ""GenerateRequestsPerMinutePerProjectPerModel-FreeTier""
  quota_dimensions {
    key: ""model""
    value: ""gemini-3.1-flash-lite""
  }
  quota_dimensions {
    key: ""location""
    value: ""global""
  }
  quota_value: 15
}
, retry_delay {
  seconds: 41
}
]",1,"Evaluation error: 429 You exceeded your current quota, please check your plan and billing details. For more information on this error, head to: https://ai.google.dev/gemini-api/docs/rate-limits. To monitor your current usage, head to: https://ai.dev/rate-limit. 
* Quota exceeded for metric: generativelanguage.googleapis.com/generate_content_free_tier_requests, limit: 15, model: gemini-3.1-flash-lite
Please retry in 40.966365483s. [links {
  description: ""Learn more about Gemini API quotas""
  url: ""https://ai.google.dev/gemini-api/docs/rate-limits""
}
, violations {
  quota_metric: ""generativelanguage.googleapis.com/generate_content_free_tier_requests""
  quota_id: ""GenerateRequestsPerMinutePerProjectPerModel-FreeTier""
  quota_dimensions {
    key: ""model""
    value: ""gemini-3.1-flash-lite""
  }
  quota_dimensions {
    key: ""location""
    value: ""global""
  }
  quota_value: 15
}
, retry_delay {
  seconds: 40
}
]",0,Retrieved: 0/1 expected sources. Missing: ['support/helpdesk-faq.md'],1,"Evaluation error: 429 You exceeded your current quota, please check your plan and billing details. For more information on this error, head to: https://ai.google.dev/gemini-api/docs/rate-limits. To monitor your current usage, head to: https://ai.dev/rate-limit. 
* Quota exceeded for metric: generativelanguage.googleapis.com/generate_content_free_tier_requests, limit: 15, model: gemini-3.1-flash-lite
Please retry in 40.75950561s. [links {
  description: ""Learn more about Gemini API quotas""
  url: ""https://ai.google.dev/gemini-api/docs/rate-limits""
}
, violations {
  quota_metric: ""generativelanguage.googleapis.com/generate_content_free_tier_requests""
  quota_id: ""GenerateRequestsPerMinutePerProjectPerModel-FreeTier""
  quota_dimensions {
    key: ""model""
    value: ""gemini-3.1-flash-lite""
  }
  quota_dimensions {
    key: ""location""
    value: ""global""
  }
  quota_value: 15
}
, retry_delay {
  seconds: 40
}
]",variant_hybrid
gq10,Refund,Chính sách hoàn tiền hiện tại áp dụng cho đơn hàng đặt trước ngày 01/02/2026 không?,"ERROR: 429 You exceeded your current quota, please check your plan and billing details. For more information on this error, head to: https://ai.google.dev/gemini-api/docs/rate-limits. To monitor your current usage, head to: https://ai.dev/rate-limit. 
* Quota exceeded for metric: generativelanguage.googleapis.com/generate_content_free_tier_requests, limit: 15, model: gemini-3.1-flash-lite
Please retry in 37.274682777s. [links {
  description: ""Learn more about Gemini API quotas""
  url: ""https://ai.google.dev/gemini-api/docs/rate-limits""
}
, violations {
  quota_metric: ""generativelanguage.googleapis.com/generate_content_free_tier_requests""
  quota_id: ""GenerateRequestsPerMinutePerProjectPerModel-FreeTier""
  quota_dimensions {
    key: ""model""
    value: ""gemini-3.1-flash-lite""
  }
  quota_dimensions {
    key: ""location""
    value: ""global""
  }
  quota_value: 15
}
, retry_delay {
  seconds: 37
}
]",Không. Chính sách hoàn tiền phiên bản 4 có hiệu lực từ ngày 01/02/2026 và chỉ áp dụng cho các đơn hàng được đặt kể từ ngày đó. Các đơn hàng đặt trước ngày này sẽ áp dụng theo chính sách hoàn tiền phiên bản 3.,1,"Evaluation error: 429 You exceeded your current quota, please check your plan and billing details. For more information on this error, head to: https://ai.google.dev/gemini-api/docs/rate-limits. To monitor your current usage, head to: https://ai.dev/rate-limit. 
* Quota exceeded for metric: generativelanguage.googleapis.com/generate_content_free_tier_requests, limit: 15, model: gemini-3.1-flash-lite
Please retry in 37.064440553s. [links {
  description: ""Learn more about Gemini API quotas""
  url: ""https://ai.google.dev/gemini-api/docs/rate-limits""
}
, violations {
  quota_metric: ""generativelanguage.googleapis.com/generate_content_free_tier_requests""
  quota_id: ""GenerateRequestsPerMinutePerProjectPerModel-FreeTier""
  quota_dimensions {
    key: ""model""
    value: ""gemini-3.1-flash-lite""
  }
  quota_dimensions {
    key: ""location""
    value: ""global""
  }
  quota_value: 15
}
, retry_delay {
  seconds: 37
}
]",1,"Evaluation error: 429 You exceeded your current quota, please check your plan and billing details. For more information on this error, head to: https://ai.google.dev/gemini-api/docs/rate-limits. To monitor your current usage, head to: https://ai.dev/rate-limit. 
* Quota exceeded for metric: generativelanguage.googleapis.com/generate_content_free_tier_requests, limit: 15, model: gemini-3.1-flash-lite
Please retry in 36.855823263s. [links {
  description: ""Learn more about Gemini API quotas""
  url: ""https://ai.google.dev/gemini-api/docs/rate-limits""
}
, violations {
  quota_metric: ""generativelanguage.googleapis.com/generate_content_free_tier_requests""
  quota_id: ""GenerateRequestsPerMinutePerProjectPerModel-FreeTier""
  quota_dimensions {
    key: ""model""
    value: ""gemini-3.1-flash-lite""
  }
  quota_dimensions {
    key: ""location""
    value: ""global""
  }
  quota_value: 15
}
, retry_delay {
  seconds: 36
}
]",0,Retrieved: 0/1 expected sources. Missing: ['policy/refund-v4.pdf'],1,"Evaluation error: 429 You exceeded your current quota, please check your plan and billing details. For more information on this error, head to: https://ai.google.dev/gemini-api/docs/rate-limits. To monitor your current usage, head to: https://ai.dev/rate-limit. 
* Quota exceeded for metric: generativelanguage.googleapis.com/generate_content_free_tier_requests, limit: 15, model: gemini-3.1-flash-lite
Please retry in 36.638174837s. [links {
  description: ""Learn more about Gemini API quotas""
  url: ""https://ai.google.dev/gemini-api/docs/rate-limits""
}
, violations {
  quota_metric: ""generativelanguage.googleapis.com/generate_content_free_tier_requests""
  quota_id: ""GenerateRequestsPerMinutePerProjectPerModel-FreeTier""
  quota_dimensions {
    key: ""model""
    value: ""gemini-3.1-flash-lite""
  }
  quota_dimensions {
    key: ""location""
    value: ""global""
  }
  quota_value: 15
}
, retry_delay {
  seconds: 36
}
]",variant_hybrid
